section,in_resume,title,institution,loc,start,end,description_1,description_2,description_3
education,TRUE,"M.S., Fictional Studies",Fictional University,"Imagination, SW",2024,2026,"Working on advanced study of fictional worlds, narratives, and characters through interdisciplinary research and critical analysis.",NA,NA
education,TRUE,"B.S., Fictional Studies",University of Fictions,"Fictionville, ET",2018,2022,"Studied fictional worlds, narratives, and characters across literature, film, television, games, and digital media, with an emphasis on critical analysis, research, storytelling, and world-building.",NA,NA
research_positions,TRUE,Graduate Research Assistant,Marvel Studios,"Foreverland, Disney",2025,2025,Investigated disputed historical events within fictional universes and evaluated evidence from competing timelines.,"Applied rigorous research methods to questions involving unreliable narrators, suspiciously resurrected characters, and conveniently altered timelines.",NA
research_positions,TRUE,Junior Research Analyst,Center for Imaginary Worlds,The Shire,2024,2024,"Analyzed fictional worlds, populations, political systems, and cultural institutions.","Maintained databases documenting characters, locations, timelines, and major events.",Prepared research summaries and visualizations for senior researchers.
fictional_positions,TRUE,Fictional Studies Intern | Center for Applied Imagination,Squarepants Inc,Bottom of the Ocean,2023,2023,"Maintained databases of fictional characters, locations, organizations, and major plot events.",NA,NA
data_science_scribbles,TRUE,Data Science & Technical Writing Specialist | Fictional Analytics Laboratory,Nerd Laboratories,Krypton,NA,2018,"Translated complex fictional datasets into clear reports, dashboards, and documentation for audiences ranging from academics to people who just wanted to know who was winning the dragon war.",NA,NA
data_science_scribbles,TRUE,Data Science Scribbler | The Journal of Improbable Analytics,The Leaky Cauldron,Diagon Alley,NA,2024,"Data-driven articles exploring statistical patterns and trends across fictional populations, magical economies, and alternate realities.","Analyzed datasets involving wizard demographics, spell usage, mythical creature populations, and other variables that probably should not be measurable.",NA
by_me_press,TRUE,The Great Comic Guru,The Daily Prophet,N/A,2024,2024,"Most shared and discussed article in the wizarding world, December 2024.",NA,NA
academic_articles,TRUE,The Magic Behind the Headlines.,Institute for Applied Fiction,N/A,2025,2025,"Analyzed the stories, controversies, and emerging trends shaping the wizarding world, examining how they influenced public opinion and sparked widespread discussion.",NA,NA
